[
    {
      "_id": "M101",
      "name": "Introduction to Rocket Propulsion",
      "description": "Basic principles of rocket propulsion and rocket engines.",
      "course": "RS101",
      "lessons": [
        {
          "name": "Introduction to Rocket Propulsion I",
          "description": "Rocket propulsion is the science of accelerating matter to very high speeds using rockets. The matter, called propellant, is stored in a tank and ejected at high speed through a nozzle. The propellant is ejected at high speed in the opposite direction of the desired rocket motion, as described by Newton's third law of motion."
        },
        {
          "name": "Introduction to Rocket Propulsion II",
          "description": "Rocket propulsion is used in a wide variety of applications, including spaceflight, military missiles, and scientific research. The most common type of rocket propulsion system is the chemical rocket, which stores propellant in a tank and ejects it through a nozzle. Other types of rocket propulsion systems include electric propulsion, nuclear propulsion, and cold gas thrusters."
        },
        {
          "name": "Introduction to Rocket Propulsion III",
          "description": "The most common type of rocket propulsion system is the chemical rocket, which stores propellant in a tank and ejects it through a nozzle. Other types of rocket propulsion systems include electric propulsion, nuclear propulsion, and cold gas thrusters."
        }       
      ]
    },
    {
      "_id": "M102",
      "name": "Fuel and Combustion",
      "description": "Understanding rocket fuel, combustion processes, and efficiency.",
      "course": "RS101",
      "lessons": [
        {
          "name": "Fuel and Combustion I",
          "description": "Rocket fuel is a material that releases energy when it is burned. The most common type of rocket fuel is liquid hydrogen, which is burned with liquid oxygen to produce water vapor. Other types of rocket fuel include kerosene, methane, and solid propellants."
        },
        {
          "name": "Fuel and Combustion II",
          "description": "Rocket fuel is a material that releases energy when it is burned. The most common type of rocket fuel is liquid hydrogen, which is burned with liquid oxygen to produce water vapor. Other types of rocket fuel include kerosene, methane, and solid propellants."
        },
        {
          "name": "Fuel and Combustion III",
          "description": "Rocket fuel is a material that releases energy when it is burned. The most common type of rocket fuel is liquid hydrogen, which is burned with liquid oxygen to produce water vapor. Other types of rocket fuel include kerosene, methane, and solid propellants."
        }
      ]
    },
    {
      "_id": "M103",
      "name": "Nozzle Design",
      "description": "Principles of rocket nozzle design and performance optimization.",
      "course": "RS101",
      "lessons": [
        {
          "name": "Nozzle Design I",
          "description": "The nozzle is the part of a rocket engine that converts the energy of the propellant into kinetic energy. The nozzle is designed to accelerate the propellant to a high speed and direct it in the desired direction. The nozzle is designed to accelerate the propellant to a high speed and direct it in the desired direction."
        },
        {
          "name": "Nozzle Design II",
          "description": "The nozzle is the part of a rocket engine that converts the energy of the propellant into kinetic energy. The nozzle is designed to accelerate the propellant to a high speed and direct it in the desired direction. The nozzle is designed to accelerate the propellant to a high speed and direct it in the desired direction."
        },
        {
          "name": "Nozzle Design III",
          "description": "The nozzle is the part of a rocket engine that converts the energy of the propellant into kinetic energy. The nozzle is designed to accelerate the propellant to a high speed and direct it in the desired direction. The nozzle is designed to accelerate the propellant to a high speed and direct it in the desired direction."
        }
      ]
    },
    {
      "_id": "M201",
      "name": "Fundamentals of Aerodynamics",
      "description": "Basic aerodynamic concepts and fluid dynamics principles.",
      "course": "RS102"
    },
    {
      "_id": "M202",
      "name": "Subsonic and Supersonic Flow",
      "description": "Understanding subsonic and supersonic aerodynamic behaviors.",
      "course": "RS102"
    },
    {
      "_id": "M203",
      "name": "Aerodynamic Heating",
      "description": "Study of aerodynamic heating and thermal protection systems.",
      "course": "RS102"
    },
    {
      "_id": "M301",
      "name": "Spacecraft Structural Design",
      "description": "Fundamentals of designing spacecraft structures and materials selection.",
      "course": "RS103"
    },
    {
      "_id": "M302",
      "name": "Orbital Mechanics",
      "description": "Understanding orbital dynamics and mission planning.",
      "course": "RS103"
    },
    {
      "_id": "M303",
      "name": "Spacecraft Systems Engineering",
      "description": "Overview of spacecraft systems and subsystems engineering.",
      "course": "RS103"
    }
  ]